Date Received,Customer,Machine Status,Installing
,The Green Clinic,Pending Sales,N/A
,Scott Powerline & Utilities,Pending Sales,N/A
,City of Monroe,Pending Sales,N/A
,Origin Bank (New Location),Pending Sales,(4) E50145dn
,Holyfield Construction,Install Completed,Sharp BP-70C36
,"Macarthur Place, LP",Install Completed,HP E52645dn
,Copeland Electric,Install Completed,STOCK Sharp BP70C36
,Southern Industrial Contractors,Install Completed,ITT that we are installing for TPM- HP XT950
,Mysuites Lawton,Install Completed,THIS IS AN ITT THAT WE SHIPPED TO A DEALER- BPC131WD
,Swartz Lower Elementary,Install Completed,2 Sharp BP70C45
,Delta Research Partners,Install Completed,2EH31A - FAX OPTION FOR 21782
,D&J Construction,Install Completed,Sharp BP7C65
,LA Eye & Laser,Install Completed,2EH31A - FAX OPTION FOR 21763
,"McNew, King, Landry",Install Completed,Sharp BP70C31
,Myrt Hales Law Office,Install Completed,"4 BPC131WD, BP70C45, BPC545Wd"
,Lincoln Contracting DBA Blackbird,Install Completed,BPC545WD
,Claiborne Elementary,Install Completed,Stock machine BP70M65
,Dr. Bayonne,Install Completed,USED TAG 10401 - HP E52645dn
,LA Paz,Install Completed,Rental Machine TAG 10439
,Morehouse Parish School Board,Install Completed,Sharp BP70C45
,Morehouse Parish School Board,Install Completed,Sharp BP70C65
,Mid South Extrusion,Install Completed,1 HP 52645dn and 3 50145dn
,Lamb Weston,Install Completed,Epson 5170m
,Louisiana Plastic,Install Completed,Used tag 10582 - HP 52645dn
,TownPlace Suites Columbia MO,Install Completed,HP E47528f
,Monroe City School Board - Technology,Install Completed,Sharp BP70C31
,Carver Elementary,Install Completed,2 Sharp BP70M45
,Fencing Unlimited,Install Completed,Used Tag 20423 - Sharp BP70C36
,Matherne & Davis,Install Completed,HP E57540dn
,West Monroe Hearing Services,Install Completed,Sharp BPC535WD
,City of Faith Prison Ministries,Install Completed,HP M454dw - Used tag  LM01-31
,Origin Bank - Highland Colony Fin Center,Install Completed,HP X67755z
,Prairie View Academy,Install Completed,Sharp BP70M31
,Fourth Judicial DA,Install Completed,HP E50145dn
,Preventive Measures,Install Completed,HP E87640dn
,New St. James Baptist Church,Install Completed,Sharp BP70C36
,Turner Construction,Install Completed,Sharp BP70C55
,Richardson Medical,Install Completed,22 Sharps and 44 HP
,Copeland Electric,Install Completed,Sharp BP70C31
,Mid South Extrusion,Install Completed,2 HP E50145dn and 1 HP52645dn
,Claiborne Memorial,Install Completed,HP E52645dn
,Beekman Charter School,Install Completed,"2 BP70C55, 1 BP70M45, 4 BP70M65, 2 BP70M55"
,City of Monroe Water Treatment Plant,Install Completed,"Stock BP70C36, and Used E52645dn"
,Drax Biomass,Install Completed,1 BP70C36 and 4 BPC545wd
,Cooper  Vet,Install Completed,Sharp BPC131WD and BPB550WD
,Ortho Sports Medicine,Install Completed,HP E50145dn
,Summit Financial Advisors,Install Completed,Sharp BPC535WD
,City of Monroe Human Resources,Install Completed,Sharp BP70C36
,D&J Construction,Install Completed,Foling Unit -
,Angola,Install Completed,(4)BP70M65
,Concept Industrial Systems,Install Completed,HP 82540dn
,Community Rehab,Install Completed,HP X57945dn
,Pulse Tech - Aldridge Electric(Meta),Install Completed,2 BP70C31
,Copeland Electric,Install Completed,LOANER MACHINE - #20423 - Sharp 70C36
,Red River LP,Install Completed,1 BP70C31
,PPM Constultants,Install Completed,Sharp BP70C45 snd  BP70C65
,Wossman High school,Install Completed,HP E52645dn and Riso SF5130EII
,Mechanisms  INC,Install Completed,HP E72525dn
,West Monroe Guest House,Install Completed,Sharp 2 BP70M65 and 2 BPB550Wd
,Monroe City School Nutrition,Install Completed,HP E47528f
,Origin Bank - West University,Install Completed,HP E62665z
,Intermountain - SugarLand Courtyard,Install Completed,
,Center for Behavorial Health,Install Completed,
,Morehouse Parish School Board,Install Completed,Sharp BP70C45
,Morehouse Parish School Board,Install Completed,Sharp BP71C65
,Xstreme Athletics,Install Completed,HP 67755dn
,Barkdull Faulk Elementary,Install Completed,HP E47528
,Catholic Campus Ministry,Install Completed,Sharp BP71C31
,Corner Vet of Sterlington,Install Completed,Sharp BPC545WD
,Attentive Hands Rental,Install Completed,HP E52545c
,Caldwell Parish 911,Install Completed,Sharp BP71C31
,The Womans Clinic,Install Completed,2 HP 56245dn
,Joseph Hickey,Install Completed,HP E87640
,Charles/Jeannie Hickman,Install Completed,BP70C45
,Mer Rouge State Bank,Install Completed,HP X57945dn
,Richardson Medical - Part 2,Install Completed,2 E47528f
,Absolute Care,Install Completed,HP E52645dn
,Calcasieu Heights,Install Completed,HP E52645dn
,Holyfield Construction,Install Completed,Sharp BP71C31
,Highland Place Townhomes(Standard Enterprise),Install Completed,Sharp BPB550WD
,The Prescription Shoppe,Install Completed,Epson EMC800
,"Davenport, Files & Kelly",Install Completed,"Sharp 71C45, 71M36 & 71M65"
,Melanie Massey PT,Install Completed,Sharp BP70C45
,Emile Stout Aflac,Install Completed,Sharp BPC545WD
,Hydra Tech Systems,Install Completed,Sharp BP71C36
,Longleaf Apartments,Install Completed,HP E52645dn
,Bastrop Jr High,Install Completed,Sharp BP71C55
,Guardian Health,Install Completed,Sharp BP71M55
,Mid South Extrusion,Install Completed,2 HP E50145
,Lincoln Prep,Install Completed,HP E7528f
,JTL Construction,Install Completed,Sharp BPC535WD
,Cherry Ridge Baptist Church,Install Completed,Sharp BPC545WD
,Dr. Bayonne,Install Completed,HP E50145dn
,Sunquest Properties,Install Completed,HP E47528f
,Living Water Ministries,Install Completed,Sharp BP71C31
,AWC Inc,Install Completed,Sharp BP71C31
,Dement Law,Install Completed,Sharp BPC545WD
,Origin Bank,Install Completed,HP X67755z
,Brentwood Apartments,Install Completed,Sharp MX-B467f
,Prevailing Faith,Install Completed,Sharp BPC545WD
,Cadence Bank El Darado,Install Completed,X577z
,Vernon Manor Apartments,Install Completed,Sharp BP550Wd
,South Arkansas Development Center,Install Completed,HP E87750z
,Summerfield High School,Install Completed,Sharp BP71M45
,Ideal True Lumber,Install Completed,HP 50145dn
,Nova Workforce,Install Completed,HP E62565
,Gospel Nuggets,Install Completed,Riso SF5130EII U
,Richardson Medical,Install Completed,HP E52645dn
,Ouachita Rehab,Install Completed,Epson AM C4000
,Town of Oak Grove,Install Completed,Sharp BPC545WD
,LOANER -- Shoulders of Stregth,Install Completed,
,Always Best Care,Install Completed,Sharp BPC545WD
,Madison Parish Sheriff's Department,Install Completed,HP E62665z
,Pleasant Green Baptist Church,Install Completed,Sharp BP71C36
,Shoulders of Strength,Install Completed,"14 E50145, 1 62665z, 4 67755z"
,Eddie Clark Law Firm,Install Completed,Sharp BP71M55
,Ouachita Rehab,Install Completed,"3 HP E50145 , 1 X57945"
,Bethany Worship Center,Install Completed,Sharp BPC535WD
,Preventive Measures,Install Completed,HP E57540dn
,"Nelson, Zentner",Install Completed,"Sharp BP71M65, (2) HP 40528dn and HP 50145dn"
,"Nelson, Zentner(Med Fax Recovery)",Install Completed,Sharp BP71M31
,Cloyds Beauty School,Install Completed,Sharp BP70C45
,Louisiana Plastic,Install Completed,HP E52645dn
,Origin Bank - Jackson Banking Center,Install Completed,HP X677s
,Land Acquisitions,Install Completed,Sharp BP71C31
,Corporate Mobile Housing,Install Completed,Sharp BP70C45
,"Origin Bank - Fairhope, AL",Install Completed,HP 62665z & HP E50145dn
,Trio Community Meals,Install Completed,HP E82650
,Garney Construction,Install Completed,
,St. Matthew Catholic Church,Install Completed,HP E62655dn
,Electircal Workers #446,Install Completed,Sharp BP71C31
,KALB TV,Install Completed,(2)Sharp BP70C45
,Gina Jones Accounting,Install Completed,HP E47528f and HP E52645dn
,American Rheinmatall Munition,Install Completed,Sharp BP71C31
,Prime Time Family Reading,Install Completed,Sharp BP71C31
,Delta Research Partners,Install Completed,HP E52645c
,Delhi Elementary,Install Completed,(2) Sharp BP71M45
,Byrnes Mechanical,Install Completed,Epson T7770DM
,Farmerville First Assembly of God,Install Completed,Sharp BPC545WD
,Gilley's Heating,Install Completed,Epson C579R
,Stateline Holdings,Install Completed,BP71C31
,Pelican State Wholesale,Install Completed,Sharp BPB550WD
,Azure Pools,Install Completed,HP E47528f
,St. Luke Missionary Baptist Church,Install Completed,Sharp BP-C535WD
,Origin Bank - Emory Banking Center,Install Completed,HP X67755z (2)
,Gilley Heating & AIr,Install Completed,Epson WF-C579R (3) Stock Machines
,Monroe Athletic Club,Install Completed,HP E67650dn #22124
,Nelson Zentner - Allison Jerrell,Install Completed,Epson WF-C579R
,Winn Correction,Install Completed,
,Turner Construction,Install Completed,HP E87650dn
,Clairborne Memorial Medical,Install Completed,Sharp BP71C45
,Soar Transitional Home,Install Completed,Sharp BP71C31
,Diabetes Care Center,Install Completed,(2) HP E45028dn
,Service Master,Install Completed,Sharp BPC545WD
,Advanced Audiology & Hearing Aids,Install Completed,(2) Sharp BPC545WD
,Partners in Care,Install Completed,Sharp BP71M65
,"Breithaupt, Dubos & Wolleson",Install Completed,Sharp BP71M65 and MXB557P
,AOSS Medical Supply,Install Completed,Sharp BP71C45
,ACE,Install Completed,Sharp BP71C45
,Claiborne Electric CoOp,Install Completed,HP E786
,Fellows First Recovery,Install Completed,HP E731dn
,Bayou Correction Center,Install Completed,HP E62665z
,"Origin Bank - Fairhope, AL",Install Completed,HP X677z
,Mid South Extrusion,Install Completed,HP E52645dn
,Giddy Up Pediatrics,Install Completed,Sharp BPC545WD
,Conway Baptist Church,Install Completed,HP E67650dh
,Genusa's,Install Completed,HP E42540f
,SERVPRO,Install Completed,2 Sharp BP71C36
,Morehouse Parish School Board,Install Completed,Sharp BP71C45
,Mid South Extrusion,Install Completed,HP E52645dn
,1st Essential Case Management,Install Completed,HP E82650dn
,Amy Johnson Law Offce,Install Completed,(2) Sharp BPC545WD
,Mt. Olive Christian School,Install Completed,Sharp BP71C31 & MXB42PW
,Industrial Roofing,Install Completed,Sharp BP71M31
,JS Clark Magnet,Install Completed,Sharp BP71M45
,Louisiana Tom's Vending,Install Completed,HP E40040dn
,"Bledsoe, Dodson & Associates",Install Completed,Sharp BP70M45
,Lee Ewards Mazda,Install Completed,HP E47528
,Brown Service Center,Install Completed,Sharp MXB427W
,Morehouse Parish Police Jury,Install Completed,Sharp BPC545WD
,Tap Parker Farms,Install Completed,Sharp BP71C36
,St. Luke United Methodist Church,Install Completed,Sharp BP51C31
,Southern Endocrinology,Install Completed,Sharp BPB550WD
,Brown Chrysler Dodge,Install Completed,(2) MXB427W
,Consolidated Grain and Barge,Install Completed,Sharp BP71C31
,Origin Bank - West University,Install Completed,HP X677z
,Origin Bank - Ruston Fin,Install Completed,HP X55745dn
,Jesus the Good Shepherd School,Install Completed,Sharp BP70M90 & BPC545WD
,Copeland Electric,Install Completed,Sharp BP71C31
,Milestone  Recovery,Install Completed,HP E731dn
,Sports South,Install Completed,Sharp BP71C45
,Tanyard Creek,Install Completed,2 Sharp BPC131WD
,Geaux Family Health,Install Completed,HP E62665z
,Good Day Farm - ITT,Install Completed,3 Sharp MXC428F
,CareSouth Medical & Dental - ITT,Install Completed,3  Sharp MX B427W & 1 BP71C45
,Nexion - Vivian Health Care - SNAP,Install Completed,1 Sharp BP71M36
,North Shreveport Animal Hospital,Install Completed,"Brother MFC EX915DW, & MFCEX670"
,Our Lady of Sorrows,Install Completed,
,Vivian Healthcare - SNAP,Install Completed,Sharp  BP71M36
,Many Healthcare - SNAP,Install Completed,Sharp BP71M55
,Pierremont Healthcare - SNAP,Install Completed,Sharp BP71M65
,Captain Shreve  High School - SNAP,Install Completed,
,Delinquent Recovey Associates,Install Completed,Sharp BP-71C45
,First Baptist Church Bastrop,Install Completed,BP-71C36
,Green Acres Baptist Church,Install Completed,Sharp BPC535 & HP E52645
,Home Federal Bank - Shreveport,Install Completed,HP E60155
,Payroll Plus,Pending Sales,Sharp BP70C36
,Hobson & Son,Install Completed,Used tag 10632 E52645
,Cinical Pathology Labs ITT Visual Edge Alexandria,Install Completed,HP E52645dn
,Acension Catholic School - LOANER,Install Completed,
,LSU Lafayette,Install Completed,
,Richland Parish Sheriff's Office - LOANER,Install Completed,
,Food Bank NELA,Install Completed,HP X57945z
,Sparks,Install Completed,"Sharp 71M55, (2)HP X503, (2)HP E60155"
,Ouachita Parish Sheriff - Shooting Range,Install Completed,
,Caddo Parish Wellness Dept - SNAP,Install Completed,
,Macedonia Baptist Church,Install Completed,HP E82540dn
,KRF Consultants,Install Completed,HP E52645dn
,McFarland Healthcare,Install Completed,Sharp BP71M45
,Reed Mechanical Equipmet,Install Completed,Sharp BP71C31
,Town of Vivian,Install Completed,Sharp BPC131WD
,Brown Chrysler Dodge,Install Completed,Sharp MXB427W
,Hearts Desire,Install Completed,Sharp BP71M36
,Turner Construction,Install Completed,Sharp71C45
,Lexington Elementary school,Install Completed,Riso
,Bryd High School -SNAP,Install Completed,5 Sharp BP70M75
,Origin Bank Ruston Fin,Install Completed,(2) HP X57945dn
,City of Monroe,Install Completed,"(3) BP71C45, 71M45, 71M31, 71C31 & 71M55"
,Duvall's Amusement Rentals,Install Completed,Sharp BPC131WD
,Advanced Surgery Center - Monroe,Install Completed,Sharp BP71C45 & 4 HP E47528f
,Hudson Potts&  Berstein,Install Completed,HP X50352dnn
,LA Auto Sales (Loaner),Install Completed,HP E67650
,DEX ITT - American Oncology Network,Install Completed,HP X50352dn
,Caldwell Parish Federal Programm,Install Completed,Riso
,Rocky Branch Assembly of God,Install Completed,Sharp  BP71C31
,Diabetes Care Center - Ruston,Install Completed,HP  E47528
,Madison Parish LTCW,Install Completed,HP E52645d
,Mid South Extrusion,Install Completed,(3) HP E50145dn
,New Haven Counseling,Install Completed,Sharp BP71C31
,Scott Equipment,Install Completed,HP X50352sn
,Shreveport community Church,Install Completed,
,ITT - CareSouth Medical,Install Completed,"BP71C45, MXB427W(3)"
,Northwest Louisiana Nephrology - Shreveport,Install Completed,(2) Brother MFC EX915DW
,JW Martin Enterprise - LA Auto Sales - Monroe,Install Completed,Sharp BPC545WD
,NECA - Monroe,Install Completed,Sharp BPC545WD
,Turner Construction - Rayville,Install Completed,Sharp BP71C55
,JDW  Construction - Shreveport,Install Completed,Sharp BP71C31
,Sterlington Police Department,Install Completed,Sharp BPC545WD
,Social Work Professionals - Shreveport,Install Completed,Sharp BP51C31
,First Baptist Church of Hamburg,Install Completed,Sharp BP71C31
,Life Changing Solutions - Shreveport,Install Completed,Sharp BP71M45 & BPB550WD
,Mooring Manor Apartments - Mooringsport,Install Completed,HP E52645dn
,Dr Brown & Oneal - Shreveport,Install Completed,HP E82540dn
,Sabine Parish Credit Union - Many,Install Completed,Sharp BPC131WD
,Legacy at Lakeview Apartments 4 - Natchitoches,Install Completed,HP E52645dn
,Cox Funeral Home - Delhi,Install Completed,Sharp BPC545WD
,The Wellspring - Winnsboro,Install Completed,HP X57945dn
,Families First Choice - Monroe,Install Completed,Sharp BP71C31
,Kids R Kids Learning Center - Shreveport,Install Completed,Sharp BPC535WD
,Caring Hands Pediatric - Monroe,Install Completed,Sharp BPC545WD
,RSH Engineering - Monroe,Install Completed,Sharp BP70C55
,SNAP - LSU Lafayette,Install Completed,Sharp BPC535WD
,SNAP - Haughton Middle School - Shreveport,Install Completed,(2)Bp71M55 & BP51C45
,SNAP - Riverside Elementary - Shreveport,Install Completed,BP51M45 & Bp70M75
,SNAP - Shreve Memorial Library - Shreveport,Install Completed,(2)BPC545WD
,SNAP -  Office of Juvenile Justice,Install Completed,5 BP71C55
,SNAP - Benton Intermediate School - Benton,Install Completed,(2) BP70M75 & BP51M45
,SNAP - Caddo Magnet High School - Shreveport,Install Completed,(2)BP70M75
,SNAP - LA Workforce Commision - Bossier,Install Completed,BP71M45
,Scott Powerline & Utilities -Monroe & Georgia,Install Completed,HP (2)X677 & X50352
,St. Matthew's Direct Care - Shreveport,Install Completed,2 BPB550Ws & BP51C31
,Origin Bank - Farmerville,Install Completed,HP X50352dn
,Cook Creek Village - Delhi,Install Completed,Sharp BP71C31
,ITT - Winnfield Funeral Home - Shreveport,Install Completed,Sharp BPC545WD
,ITT - Winnfield Funeral Home - Alexandria,Install Completed,Sharp BPC545WD
,First Baptist Shreveport,Install Completed,Sharp BP71C55 & BP71M45
,Hudson Potts & Berstein - Monroe,Install Completed,HP X50352dn
,Origin Bank OPTIC - Ruston,Install Completed,HP X50352dn & (2)X57945dn
,"Watson, McMillin",Install Completed,Sharp BP71C45 & HP E67650dh
,Rightcare Health Services - Many,Install Completed,Sharp BP71M45
,Prime Star Home Health - Monroe,Install Completed,Sharp BP70C36
,First Baptist Church Swartz,Install Completed,HP E52645dn
,Johnny Robinson's Boys Home,Install Completed,BP B550WD
,Desoto Parish Library -  Logansport,Install Completed,Sharp BP51C45
,SNAP  - South Highlands Elementary - Shreveport,Install Completed,(2) BP70M75
,SNAP - Elm Grove Middle School - Bossier City,Install Completed,(2)Sharp BP51M45 & (2)BP71M55
,SNAP - Loomis - Shreveport,Install Completed,Sharp  MXB427PW & BPB550WD
,NativState - Monroe,Install Completed,Sharp BPC545WD
,Creed & Creed - Monroe,Install Completed,Sharp BP71M31
,Southside Baptist Church - Hamburg,Install Completed,Sharp BP51C26
,George McGovern CPA - Shreveport,Install Completed,Sharp BP70M75
,SNAP - Ascencion Classical School - Shreveport,Install Completed,BP-71C55
,Loving You Through It - Minden,Install Completed,Sharp BPB550WD
,Origin Bank - Monroe Fin,Install Completed,HP X50352dn
,Compass Counseling - Monroe,Install Completed,
,Delta Grande - Monroe,Install Completed,Sharp BP71M45 & BPB550WD
,Greater Jonesboro Church - Jonesboro,Install Completed,Sharp BP71C31
,SNAP - Summerfield Elementary - Shreveport,Install Completed,Sharp BP71M65
,Gastroenterolgy Clinic - West Monroe,Install Completed,HP X52952dn
,Centric Pipe - Bossier,Install Completed,Sharp BP71C31
,SNAP -  Curtis Elementary - Bossier,Install Completed,Sharp BP71M65
,FBC Sterlington,Install Completed,Sharp BP71C36
,Rayville Elementary - Rayville,Install Completed,Sharp (2) BP71M45 & (1) BPC545WD
,Katrina Jackson - Monroe,Install Completed,Sharp BP71C45
,Bayou Desiard Title - Monroe,Install Completed,Sharp BP71M45
,Bulldog Title - Monroe,Install Completed,Sharp BPC545WD
,Delhi Fire Department,Install Completed,Sharp BP71C45
,Plum Tree Estates - Rayville,Install Completed,HP E52645dn
,SNAP - Southern Hills Elementary - Shreveport,Install Completed,
,L&A Behavior Health - Shreveport,Install Completed,HP X53052dn
7/22/2026,Sixth Judicial Court - St.  Joseph,Install Completed,Sharp BPC545WD
,Origin Bank -  Ruston Fin,Install Completed,HP X60257dn
,Omega Morgan RENTAL - Rayville,Install Completed,
,Gulf Coast TMC - Stonewall,Install Completed,Sharp BP51C31
,Diabetes Care Center - West Monroe,Install Completed,HP E45028dn
,Peaks of Minden,Install Completed,Sharp BPB550WD & BPC545WD
,Rayville Jr High,Install Completed,Sharp BP71M55
,Origin Bank - Ruston Fin,Install Completed,HP X55745dn
,Southern Oaks Apartments,Install Completed,
,Skent & Dent/Hillco Properties,Install Completed,
,Southern Oaks Apartments - Shreveport,Install Completed,Sharp MXB456f
,Hillco Prop/Skent & Dent - Monroe,Install Completed,(2) HP M4544dw
,Bayou Place Apartments,Install Completed,Brother MFCEX915dw
,Brown Parks Estate - Shreveport,Install Completed,Sharp BPC545WD
,Strauss Youth Academy - Monroe,Install Completed,Sharp BP70C45
,Read Eye Center,Install Completed,Sharp BPB550WD
,ITT - Turner Industries - Yazoo MS,Install Completed,Sharp BP70C55
,Electircal Alliance of Monroe,Install Completed,Sharp BPC545WD
,Theresa Monroe,Install Completed,HP E57540dn
,Full Gospel Temple - Shreveport,Install Completed,Sharp BPC535WD
,SNAP - CPSB Athletics Dept - Shreveport,Install Completed,BP51C45
,SNAP - Red River Parish School Board - Coushatta,Install Completed,Sharp BP71C65
,Nexion - Many/Claiborne Health - Shreveprt/Many,Install Completed,15 lexmarks
,White Oaks Terrace - Oak Grove,Install Completed,Sharp BPC545WD
9/24/2026,Oilfield Industrial Supply - Shreveport,Install Completed,HP E42540f
BACKORDER,SNAP - LSU Health Shreveport,On Order,BP-C535WD
9/17/2026,ITT Nexion - Pierremont,Install Completed,8 lexmarks
,SNAP - Northside Middle School - Shreveport,Install Completed,(3)BP51M45
,SNAP - Shreve Island Elementary -Shreveport,Install Completed,Sharp BP70M75
,West Carroll Police Jury - Oak Grove,Install Completed,HP E877dn
,Kristen B Pleasant - Monroe,Install Completed,Sharp BP71C36
,SNAP - Fairfield Elementary - Shreveport,Install Completed,Sharp BP71M65
,ITT/SNAP - DPS Fire Marshall - Shreveport,Install Completed,Sharp BP71M75
,SNAP - Bayou North AHEC - Bossier,Install Completed,Sharp BP71C36
9/15/2026,SNAP - Sabine Housing Authority - Many,Install Completed,Sharp BP71C65
,Ouachita Correctional - Monroe,Install Completed,Sharo BPC535WD
,SNAP - Dept of Ed & Public Safety - Natchitoches & Shreve,Install Completed,(2)BPB540WR and (1) BP71M45
,Shreveport Symphonny,Install Completed,Sharp BP71C65 and BP71C45
,Origin Bank,Install Completed,"(56) X50352,(13)X60257,(3)X55745dn"
,SNAP - Green Oaks Performing Arts - Shreveport,Install Completed,Sharp BP51M45 & BP51C26
,Superior Steakhouse,Install Completed,Sharp BP71C31 & BP71C45
,The Wellspring Client Services - Monroe,Install Completed,Sharp BP-B550WD
,Skent & Dent/Hillco Properties - Monroe,Install Completed,(2) HP M402dw
,Mid South Extrusion - Monroe,Install Completed,
,Mt. Zion Baptist - Delhi,Install Completed,Sharp BPC131WD
8/27/2026,Eagle Lake Recovery (Loaner),Install Completed,Sharp MX-M5071S
8/31/2026,St. Vincent Villas - Shreveport,Install Completed,HP E52645dn
8/31/2026,Banks-Miley Law,Install Completed,Sharp BP-C545WD
8/31/2026,Walsworth & Co - West Monroe,Install Completed,Sharp BP-C535WD
8/31/2026,West Carroll Landfill - Oak Grove,Install Completed,Sharp BP-B550WD
8/31/2026,Sprinkles Early Learning - Calhoun,Install Completed,Sharp BP-71C31
9/2/2026,Eagle Lake Recovery / Blue Heron Homes LLC - Monroe,Install Completed,"Sharp BP-71C31 & Sharp BP-71M31(Blue Heron), Sharp BP-71C31(Eagle)"
9/2/2026,The Children's Den - Monroe,Install Completed,Sharp BP-71C31
9/24/2026,Louisiana Delta Community College,Install Scheduled,"(4)BP71C31, (4)BP71C36, (2)BP71C55, (10)BP71M31, (5)71M36, (9)BP71M45, (6)BP71M55, (3)BP71M65, (5)BPB550WD"
9/2/2026,Boone Services - Baton Rouge,Install Completed,Sharp BP71C45
9/2/2026,Ramsey Logistics - Farmerville,Install Completed,HP E52645dn
9/4/2026,Village at Standifer - Monroe,Install Completed,Sharp BPC535WD
9/4/2026,Village Green - Tower Arkansas - Ruston,Install Completed,BP-71C31
9/4/2026,Golden Ages Senior Village - Ruston,Install Completed,Sharp BPC535WD
9/11/2026,SNAP - Zwolle Elementary - Zwolle,Install Completed,Sharp BP71M65
9/15/2026,SNAP - LDH NLHSD - Developemental Disabilities - Bossier,Install Scheduled,Sharp BP71C45
9/15/2026,SNAP - North Caddo Magnet - Vivian,Install Completed,Sharp BP71C45
9/4/2026,SNAP- Desoto Clerk of Court - Mansfield,Install Completed,(4)Sharp BP71M45
,SNAP - Sabine School Board Pupil Apraisasls - Many,On Order,Sharp BP71C65
9/8/2026,SMSO/Ali Management,Install Completed,BPC131PW
9/11/2026,FBC El Dorado,Install Completed,"(2)BP71C36, BP71C65 annd BPC545WD"
9/10/2026,East Richland Water - Delhi,Install Completed,Sharp BPC545WD
9/24/2026,SNAP - Woodlawn Leadership Academy - Shreveport,Install Scheduled,(2)BP71M65
,SNAP - Sabine Parish Special Ed -  Many,On Order,BP71C65
9/11/2026,Tri-State Industrial - Shreveport,Install Scheduled,
backorder,SNAP - LSU Health Emergency Medicine - Shreveport,On Order,BPC535WD
9/9/2026,ITT - Liberty Oilfield - Shreveport,Install Completed,Sharp BP71C31
9/28/2026,University Elementary - Shreveport,In Set-up,(2) Riso
,SNAP - University Elementary - Shreveport,Partial Received,(3) Sharp BP71M
9/16/2026,Anzelmo Law - Farmerville,Install Completed,Sharp BP71C36
9/16/2026,Delta Design Professionals - Winnsboro,Install Completed,Epson T7770DM
9/28/2026,ACE Hardware -Monroe,Install Completed,(1)  X50452 & (2)X53052
9/16/2026,Byrnes Mechanical -  West Monroe,Install Completed,BP71C45
9/17/2026,Straightline Excavations - Crossett,Install Scheduled,BPC131WD
9/17/2026,KNOE TV - Monroe,Install Scheduled,(2) Sharp BPC545WD
9/22/2026,Origin Bank - Mobile AL,Ready for Install,HP X677z
9/21/2026,Robertson Produce,Install Completed,HP E52645dn - REFURB 21657
9/22/2026,Robertson Produce pt 2,Install Completed,HP M404DN - REFURB 10249=
9/25/2026,Clairborne Memorial Medical,Ready for Install,3 Sharp BP71M45 and (2) BPB550WD
9/28/2026,Ashley County Baptist Assoc,Ready for Install,Sharp BPC545WD
,Origin Bank - ROUND 2,Partial Received,"11 HP X5052, 4 HP X60257, 1 HP X57945, 1 X62757dn"
9/25/2026,Home Federal Bank - Shreveport,Ready for Install,Sharp BP550WD
9/23/2026,Butler Educational Complex - Bossier City,Install Completed,"Sharp BP70C31 - machie is in bossier WH, USED TAG 20910"
9/29/2026,Somerset Plantation - Newellton,In Set-up,Sharp BP71C31
9/29/2026,The Wellspring - Monroe,In Set-up,Sharp BPB550WD
9/26/2026,Piney Woods Estates - Jonesboro,Install Scheduled,USED TAG 22101 - Sharp BPC535WD
10/1/2026,ITT - GOOD DAY FARMS - Ruston,In Set-up,Sharp MXC428F
10/1/2026,ITT - LA Horsemen's Benevolent & Protective Assoc - Bossier,In Set-up,Sharp MXB427W
,ITT - WR Community Service -  Greenville MS,On Order,HP X53052dn
9/29/2026,Mad Pelican Equipment,In Set-up,RENTAL - USED TAG 10004 HP E67550dh
10/1/2026,Sol's Pipe & Steal,Partial Received,USED TAG 21658 - HP E52645dn - JUST THE MACHINE